serial_number,time_stamp,opening_value,highest_value,lowest_value,settle_value,volume_sell
1,2017-10-13,0,0,0,896.5,1212
2,2017-10-12,892.5,892.5,892.5,892.5,304
3,2017-10-11,894,894,894,892.5,25
4,2017-10-10,891.5,896.5,891.5,896.5,298
5,2017-10-09,0,0,0,885,188
6,2017-10-06,889.5,890,885.5,887.5,339
7,2017-10-05,887,890.5,887,890.5,130
8,2017-10-04,882,883,881.5,883,16
9,2017-10-03,877,877,877,878,6
10,2017-10-02,862,863.5,862,864,835
11,2017-09-29,857,857,857,854,53
12,2017-09-28,848.5,848.5,842.5,844,236
13,2017-09-27,851,851,851,847,226
14,2017-09-26,846.5,846.5,846.5,843,25
15,2017-09-25,851.5,851.5,849,844.5,210
16,2017-09-22,869,869,862.5,866,153
17,2017-09-21,877.5,878.5,871.5,873.5,76
18,2017-09-20,876,877,864,876,721
19,2017-09-19,874,874,873,873,155
20,2017-09-18,873.5,875,870,873,137
21,2017-09-15,0,0,0,858,463
22,2017-09-14,0,0,0,857.5,2173
23,2017-09-13,0,0,0,856,1429
24,2017-09-12,0,0,0,854.5,8025
25,2017-09-11,0,0,0,850.5,6896
26,2017-09-08,0,0,0,839.5,0
27,2017-09-07,0,0,0,841,406
28,2017-09-06,0,0,0,835.5,1104
29,2017-09-05,837.5,838,835,836.5,1920
30,2017-09-04,835.5,835.5,835.5,840,5
31,2017-09-01,0,0,0,844,884
32,2017-08-31,0,0,0,842,8
33,2017-08-30,0,0,0,837.5,4
34,2017-08-29,0,0,0,832.5,0
35,2017-08-28,0,0,0,834.5,0
36,2017-08-25,0,0,0,841,0
37,2017-08-24,837,838,837,836.5,11
38,2017-08-23,832.5,836,828.5,837.5,237
39,2017-08-22,0,0,0,831.5,245
40,2017-08-21,0,0,0,820,517
41,2017-08-18,0,0,0,815,93
42,2017-08-17,815.5,819,815.5,816.5,44867
43,2017-08-16,0,0,0,820,75
44,2017-08-15,0,0,0,805,21665
45,2017-08-14,0,0,0,809,576
46,2017-08-11,0,0,0,793.5,100
47,2017-08-10,0,0,0,807.5,0
48,2017-08-09,0,0,0,821,16947
49,2017-08-08,0,0,0,829.5,0
50,2017-08-07,0,0,0,819.5,232
51,2017-08-04,0,0,0,809.5,158
52,2017-08-03,0,0,0,806.5,106
53,2017-08-02,0,0,0,804.5,0
54,2017-08-01,0,0,0,813,433
55,2017-07-31,813,813,813,808.5,14
56,2017-07-28,0,0,0,803.5,0
57,2017-07-27,806.5,806.5,806.5,809,215
58,2017-07-26,795,795,795,798,223
59,2017-07-25,0,0,0,795.5,635
60,2017-07-24,0,0,0,794,234
61,2017-07-21,792.5,793,792.5,789.5,10
62,2017-07-20,0,0,0,794,0
63,2017-07-19,0,0,0,795.5,20
64,2017-07-18,781.5,781.5,781.5,783,145
65,2017-07-17,0,0,0,778.5,2735
66,2017-07-14,782,782,782,783,995
67,2017-07-13,0,0,0,772.5,175
68,2017-07-12,0,0,0,770.5,1190
69,2017-07-11,0,0,0,753,0
70,2017-07-10,0,0,0,742.5,0
71,2017-07-07,0,0,0,738,15
72,2017-07-06,0,0,0,739.5,0
73,2017-07-05,746,746,746,744,6
74,2017-07-04,742,743,742,741,38
75,2017-07-03,0,0,0,749.5,242
76,2017-06-30,0,0,0,743.5,15
77,2017-06-29,0,0,0,743,0
78,2017-06-28,0,0,0,750,10
79,2017-06-27,0,0,0,753,737
80,2017-06-26,757,758,757,753,1183
81,2017-06-23,0,0,0,748.5,160
82,2017-06-22,0,0,0,750,1652
83,2017-06-21,744,744,744,742.5,595
84,2017-06-20,0,0,0,739.5,0
85,2017-06-19,740,740,740,744.5,5
86,2017-06-16,0,0,0,727,1313
87,2017-06-15,726.5,726.5,726.5,726.5,4243
88,2017-06-14,739.5,739.5,739.5,740.5,2134
89,2017-06-13,741.5,742.5,741,739,686
90,2017-06-12,735,735,735,739,9754
91,2017-06-09,749.5,750.5,749.5,753,10
92,2017-06-08,741,752.5,741,749.5,15114
93,2017-06-07,734,734,734,737,2
94,2017-06-06,736,736,736,736.5,18
95,2017-06-05,731,733.5,731,733,3315
96,2017-06-02,733.5,733.5,733.5,733.5,2404
97,2017-06-01,0,0,0,730,9840
98,2017-05-31,725,725,725,724.5,12
99,2017-05-30,0,0,0,729.5,0
100,2017-05-29,732,732.5,732,731.5,8799
101,2017-05-26,731.5,732,731.5,731.5,11702
102,2017-05-25,729.5,729.5,728.5,731,795
103,2017-05-24,0,0,0,722,55
104,2017-05-23,0,0,0,724.5,24324
105,2017-05-22,0,0,0,725.5,142
106,2017-05-19,711,711,711,719,371
107,2017-05-18,0,0,0,706,0
108,2017-05-17,0,0,0,708.5,841
109,2017-05-16,710.5,710.5,710.5,715.5,1628
110,2017-05-15,0,0,0,712,0
111,2017-05-12,0,0,0,708,0
112,2017-05-11,701,701,701,700,17
113,2017-05-10,0,0,0,703,190
114,2017-05-09,694,696,694,698.5,14
115,2017-05-08,0,0,0,684,90
116,2017-05-05,680.5,681,680.5,680.5,49
117,2017-05-04,686,686,686,682.5,12
118,2017-05-03,691.5,691.5,691.5,690.5,4
119,2017-05-02,691,691,691,692.5,343
120,2017-04-28,0,0,0,689.5,0
121,2017-04-27,689.5,689.5,689.5,690.5,5
122,2017-04-26,693,693,693,694,5
123,2017-04-25,692,692.5,692,694,116
124,2017-04-24,0,0,0,684,0
125,2017-04-21,0,0,0,678.5,0
126,2017-04-20,0,0,0,679,1500
127,2017-04-19,675.5,675.5,675.5,674.5,1359
128,2017-04-18,0,0,0,672,242
129,2017-04-13,0,0,0,681,330
130,2017-04-12,0,0,0,677.5,0
131,2017-04-11,0,0,0,673,731
132,2017-04-10,0,0,0,680,156
133,2017-04-07,0,0,0,681,812
134,2017-04-06,679,679,679,681,2979
135,2017-04-05,685.5,685.5,685.5,683,67
136,2017-04-04,0,0,0,682,600
137,2017-04-03,679.5,679.5,677.5,678,12
138,2017-03-31,0,0,0,675.5,0
139,2017-03-30,0,0,0,679.5,639
140,2017-03-29,0,0,0,682.5,0
141,2017-03-28,0,0,0,684.5,0
142,2017-03-27,674.5,674.5,674.5,679.5,6
143,2017-03-23,0,0,0,684,3271
144,2017-03-22,0,0,0,682,437
145,2017-03-21,681,681,681,681.5,23
146,2017-03-20,688.5,688.5,688.5,690,5
147,2017-03-17,0,0,0,678.5,1575
148,2017-03-16,0,0,0,680,2904
149,2017-03-15,0,0,0,664,770
150,2017-03-14,662.5,662.5,662,662.5,11018
151,2017-03-13,0,0,0,666.5,9604
152,2017-03-10,0,0,0,653.5,0
153,2017-03-09,0,0,0,650,607
154,2017-03-08,0,0,0,659,6879
155,2017-03-07,0,0,0,657,0
156,2017-03-06,0,0,0,653,409
157,2017-03-03,0,0,0,654.5,50
158,2017-03-02,655,655,655,654,1408
159,2017-03-01,663.5,664,663,664.5,29
160,2017-02-28,659.5,659.5,659.5,658,4587
161,2017-02-27,0,0,0,660,364
162,2017-02-24,662.5,662.5,662.5,662,15
163,2017-02-23,0,0,0,669,5387
164,2017-02-22,0,0,0,672.5,2805
165,2017-02-21,0,0,0,666,12
166,2017-02-20,665.5,665.5,665.5,665.5,19962
167,2017-02-17,0,0,0,660,460
168,2017-02-16,664.5,664.5,664.5,664.5,1574
169,2017-02-15,663.5,663.5,663.5,663,456
170,2017-02-14,0,0,0,653,0
171,2017-02-13,0,0,0,660.5,0
172,2017-02-10,0,0,0,653.5,142
173,2017-02-09,0,0,0,653.5,0
174,2017-02-08,0,0,0,645,180
175,2017-02-07,0,0,0,637.5,0
176,2017-02-06,0,0,0,638.5,0
177,2017-02-03,0,0,0,636,207
178,2017-02-02,0,0,0,635.5,953
179,2017-02-01,635.5,635.5,635.5,634,593
180,2017-01-31,0,0,0,632.5,1134
181,2017-01-30,0,0,0,630.5,1305
182,2017-01-27,0,0,0,635.5,2662
183,2017-01-26,0,0,0,637,2421
184,2017-01-25,632,632,631.5,636.5,16
185,2017-01-24,628,629,628,630.5,300
186,2017-01-23,0,0,0,624.5,678
187,2017-01-20,0,0,0,623.5,0
188,2017-01-19,0,0,0,625,0
189,2017-01-18,0,0,0,627,82
190,2017-01-17,622.5,622.5,622.5,623,1
191,2017-01-16,0,0,0,621,372
192,2017-01-13,0,0,0,625,603
193,2017-01-12,624.5,624.5,623,620.5,12
194,2017-01-11,624.5,624.5,624.5,622.5,30
195,2017-01-10,0,0,0,625,0
196,2017-01-09,0,0,0,615.5,0
197,2017-01-06,613.5,613.5,613.5,611.5,805
198,2017-01-05,0,0,0,613.5,0
199,2017-01-04,0,0,0,603.5,172
200,2017-01-03,595.5,595.5,595.5,596.5,5
201,2017-01-02,0,0,0,595.5,0
202,2016-12-30,0,0,0,590,0
203,2016-12-29,0,0,0,592,0
204,2016-12-28,583.5,583.5,583,584.5,21
205,2016-12-27,0,0,0,579.5,0
206,2016-12-23,577,577,576.5,577,702
207,2016-12-22,583.5,583.5,583.5,576.5,30
208,2016-12-21,586,586,586,586,0
209,2016-12-20,588,588,588,588,0
210,2016-12-19,591.077,591.077,591.077,591.077,0
211,2016-12-16,592,592,592,592,400
212,2016-12-15,595.5,595.5,592.5,592.5,776
213,2016-12-14,605.5,605.5,605.5,607.5,4223
214,2016-12-13,611,611,611,611,2900
215,2016-12-12,0,0,0,602,4680
216,2016-12-09,0,0,0,615.5,14908
217,2016-12-08,615,615,615,618,5
218,2016-12-07,0,0,0,615.5,13004
219,2016-12-06,0,0,0,611.5,0
220,2016-12-05,0,0,0,613.5,162
221,2016-12-02,0,0,0,614,0
222,2016-12-01,0,0,0,618.5,419
223,2016-11-30,0,0,0,623,234
224,2016-11-29,0,0,0,620.5,1039
225,2016-11-28,0,0,0,618,132
226,2016-11-25,0,0,0,614,0
227,2016-11-24,611.5,611.5,611.5,611.5,587
228,2016-11-23,0,0,0,608.5,0
229,2016-11-22,0,0,0,611,167
230,2016-11-21,0,0,0,605,896
231,2016-11-18,0,0,0,600.5,54
232,2016-11-17,604,604,604,604,0
233,2016-11-16,602.5,602.5,602.5,600.5,1058
234,2016-11-15,595.5,596.5,595.5,601,1011
235,2016-11-14,598.5,598.5,593,590.5,665
236,2016-11-11,597,597,596,595,33
237,2016-11-10,621.5,629,612.5,609,69
238,2016-11-09,613,613.5,613,620,654
239,2016-11-08,0,0,0,631.5,0
240,2016-11-07,629.5,631.5,629.5,630,18
241,2016-11-04,610,610,610,611.5,1691
242,2016-11-03,617,617,617,616.5,5
243,2016-11-02,626,626.5,621.5,616.5,23
244,2016-11-01,0,0,0,625,0
245,2016-10-31,0,0,0,627,5
246,2016-10-28,0,0,0,631,0
247,2016-10-27,0,0,0,633.5,0
248,2016-10-26,0,0,0,640.5,0
249,2016-10-25,0,0,0,645.5,0
250,2016-10-24,0,0,0,647,0
251,2016-10-21,0,0,0,642,0
252,2016-10-20,0,0,0,641.5,0
253,2016-10-19,0,0,0,643,39
254,2016-10-18,643,643,643,643,11
255,2016-10-17,634.5,634.5,634.5,635,876
256,2016-10-14,635,635.5,635,638,1176
257,2016-10-13,0,0,0,631,3010
258,2016-10-12,0,0,0,641.5,305
259,2016-10-11,648.5,648.5,648.5,645,5
260,2016-10-10,0,0,0,663.5,1591
261,2016-10-07,654,654,654,654,341
262,2016-10-06,0,0,0,656.5,139
263,2016-10-05,0,0,0,654,0
264,2016-10-04,0,0,0,652,7
265,2016-10-03,0,0,0,646.5,0
266,2016-09-30,0,0,0,647.5,0
267,2016-09-29,0,0,0,651.5,0
268,2016-09-28,0,0,0,648,0
269,2016-09-27,0,0,0,648,0
270,2016-09-26,0,0,0,644,2265
271,2016-09-23,0,0,0,657.5,460
272,2016-09-22,659.5,659.5,659.5,662.5,971
273,2016-09-21,0,0,0,649.5,0
274,2016-09-20,0,0,0,642.5,800
275,2016-09-19,0,0,0,644.5,0
276,2016-09-16,0,0,0,638.5,0
277,2016-09-15,639,639,639,639,866
278,2016-09-14,634,634,634,634,0
279,2016-09-13,627.5,627.5,627.5,627.5,6621
280,2016-09-12,636,636,636,636,683
281,2016-09-09,0,0,0,644.5,5602
282,2016-09-08,0,0,0,655.5,9110
283,2016-09-07,0,0,0,649.5,20
284,2016-09-06,0,0,0,649.5,0
285,2016-09-05,0,0,0,642.5,0
286,2016-09-02,0,0,0,637.5,0
287,2016-09-01,0,0,0,623.5,0
288,2016-08-31,0,0,0,623,0
289,2016-08-30,0,0,0,628.5,0
290,2016-08-29,0,0,0,622,1431
291,2016-08-26,0,0,0,625.5,0
292,2016-08-25,0,0,0,620,0
293,2016-08-24,0,0,0,621,0
294,2016-08-23,0,0,0,628,0
295,2016-08-22,0,0,0,624.5,0
296,2016-08-19,0,0,0,629,0
297,2016-08-18,0,0,0,631,0
298,2016-08-17,0,0,0,621.5,320
299,2016-08-16,0,0,0,626,0
300,2016-08-15,0,0,0,630.5,0
301,2016-08-12,0,0,0,616.5,0
302,2016-08-11,0,0,0,613,0
303,2016-08-10,0,0,0,601,0
304,2016-08-09,0,0,0,603.5,0
305,2016-08-08,0,0,0,598.5,0
306,2016-08-05,0,0,0,593,0
307,2016-08-04,0,0,0,585.5,0
308,2016-08-03,0,0,0,582,0
309,2016-08-02,0,0,0,580.5,0
310,2016-08-01,0,0,0,588,0
311,2016-07-29,0,0,0,583,0
312,2016-07-28,0,0,0,586.5,0
313,2016-07-27,0,0,0,588.5,0
314,2016-07-26,0,0,0,589,0
315,2016-07-25,0,0,0,584,0
316,2016-07-22,0,0,0,587,0
317,2016-07-21,0,0,0,588.5,0
318,2016-07-20,0,0,0,587.5,0
319,2016-07-19,0,0,0,582.5,20
320,2016-07-18,0,0,0,585,0
321,2016-07-15,0,0,0,583,0
322,2016-07-14,0,0,0,584.5,0
323,2016-07-13,0,0,0,578,0
324,2016-07-12,0,0,0,581.5,0
325,2016-07-11,0,0,0,571,1431
326,2016-07-08,0,0,0,563,0
327,2016-07-07,0,0,0,557.5,0
328,2016-07-06,0,0,0,551,0
329,2016-07-05,0,0,0,558,0
330,2016-07-04,0,0,0,565,0
331,2016-07-01,0,0,0,568.5,0
332,2016-06-30,0,0,0,562.5,0
333,2016-06-29,0,0,0,558,0
334,2016-06-28,0,0,0,540.5,0
335,2016-06-27,0,0,0,527,0
336,2016-06-24,0,0,0,541,0
337,2016-06-23,0,0,0,563.5,410
338,2016-06-22,0,0,0,556.5,0
339,2016-06-21,0,0,0,550,0
340,2016-06-20,0,0,0,549,0
341,2016-06-17,535,535,535,535,0
342,2016-06-16,533,533.5,533,533.5,320
343,2016-06-15,542.5,542.5,542.5,542.5,0
344,2016-06-14,533.5,533.5,533.5,533.5,1850
345,2016-06-13,0,0,0,540,0
346,2016-06-10,0,0,0,548,0
347,2016-06-09,0,0,0,559.5,0
348,2016-06-08,0,0,0,564,0
349,2016-06-07,0,0,0,567.5,0
350,2016-06-06,0,0,0,560.5,0
351,2016-06-03,0,0,0,551,0
352,2016-06-02,0,0,0,551.5,0
353,2016-06-01,0,0,0,552,0
354,2016-05-31,0,0,0,552.5,0
355,2016-05-30,550.5,550.5,550.5,550.5,0
356,2016-05-27,0,0,0,548,0
357,2016-05-26,540.5,540.5,540.5,540.5,0
358,2016-05-25,0,0,0,540.5,0
359,2016-05-24,534.5,534.5,534.5,534.5,0
360,2016-05-23,528,528,528,528,0
361,2016-05-20,0,0,0,528,0
362,2016-05-19,0,0,0,519,0
363,2016-05-18,0,0,0,530,0
364,2016-05-17,0,0,0,531,0
365,2016-05-16,0,0,0,531.5,0
366,2016-05-13,0,0,0,523,0
367,2016-05-12,0,0,0,526,0
368,2016-05-11,0,0,0,531,0
369,2016-05-10,0,0,0,532,0
370,2016-05-09,0,0,0,527,0
371,2016-05-06,0,0,0,535,0
372,2016-05-05,0,0,0,538,0
373,2016-05-04,0,0,0,536.5,0
374,2016-05-03,0,0,0,543.5,0
375,2016-05-02,554.5,554.5,554.5,554.5,0
376,2016-04-29,556,556,556,556,0
377,2016-04-28,569.5,569.5,569.5,569.5,0
378,2016-04-27,564,564,564,564,0
379,2016-04-26,565,565,565,565,0
380,2016-04-25,563,563,563,564.5,6
381,2016-04-22,571,571,571,571,0
382,2016-04-21,576.5,576.5,576.5,576.5,6
383,2016-04-20,576.5,576.5,576.5,576.5,0
384,2016-04-19,582,582,582,582,0
385,2016-04-18,578,578,578,578,0
386,2016-04-15,577,577,577,577,0
387,2016-04-14,582,582,582,582,215
388,2016-04-13,580.5,580.5,580.5,580.5,0
389,2016-04-12,560.5,560.5,560.5,560.5,0
390,2016-04-11,557.5,557.5,557.5,557.5,0
391,2016-04-08,549.5,549.5,549.5,549.5,0
392,2016-04-07,544.5,544.5,544.5,544.5,0
393,2016-04-06,547,547,547,547,15
394,2016-04-05,544.5,544.5,544.5,544.5,0
395,2016-04-04,555,555,555,555,19
396,2016-04-01,554,554,554,554,0
397,2016-03-31,562.5,562.5,562.5,562.5,0
398,2016-03-30,562.5,562.5,562.5,562.5,0
399,2016-03-29,545,545,545,545,0
400,2016-03-24,539.5,539.5,539.5,539.5,0
401,2016-03-23,548.5,548.5,548.5,548.5,0
402,2016-03-22,556.5,556.5,556.5,556.5,0
403,2016-03-21,552.052,552.052,552.052,552.052,0
404,2016-03-18,552,552,552,552,0
405,2016-03-17,549.5,549.5,549.5,549.5,0
406,2016-03-16,537,537,537,537,0
407,2016-03-15,536,536,536,536,0
408,2016-03-14,545.5,545.5,545.5,545.5,0
409,2016-03-11,540.5,540.5,540.5,540.5,3100
410,2016-03-10,522.5,522.5,522.5,522.5,0
411,2016-03-09,532,532,532,532,0
412,2016-03-08,528.5,528.5,528.5,528.5,0
413,2016-03-07,539.5,539.5,539.5,539.5,0
414,2016-03-04,543,543,543,543,0
415,2016-03-03,527.5,527.5,527.5,527.5,0
416,2016-03-02,528.5,528.5,528.5,528.5,0
417,2016-03-01,518.5,518.5,518.5,518.5,0
418,2016-02-29,507,507,507,507,0
419,2016-02-26,508,508,508,508,0
420,2016-02-25,497.5,497.5,497.5,497.5,0
421,2016-02-24,496,496,496,496,0
422,2016-02-23,509.5,509.5,509.5,509.5,0
423,2016-02-22,519.5,519.5,519.5,519.5,0
424,2016-02-19,509,509,509,509,0
425,2016-02-18,506,506,506,506,0
426,2016-02-17,508,508,508,508,0
427,2016-02-16,498,498,498,498,19
428,2016-02-15,494,494,494,494,0
429,2016-02-12,477,477,477,477,0
430,2016-02-11,465.5,465.5,465.5,465.5,0
431,2016-02-10,484,484,484,484,0
432,2016-02-09,476.5,476.5,476.5,476.5,0
433,2016-02-08,482,482,482,482,0
434,2016-02-05,493.5,493.5,493.5,493.5,0
435,2016-02-04,497.5,497.5,497.5,497.5,0
436,2016-02-03,493,493,493,493,0
437,2016-02-02,500.5,500.5,500.5,500.5,0
438,2016-02-01,508,508,508,508,0
439,2016-01-29,510.5,510.5,510.5,510.5,0
440,2016-01-28,499,499,499,499,0
441,2016-01-27,501,501,501,501,18
442,2016-01-26,503.5,503.5,503.5,503.5,0
443,2016-01-25,505,505,505,505,0
444,2016-01-22,510,510,510,507.5,12
445,2016-01-21,494.5,494.5,494.5,494.5,0
446,2016-01-20,484.5,484.5,484.5,484.5,0
447,2016-01-19,510.5,510.5,510.5,510.5,0
448,2016-01-18,499.5,499.5,499.5,499.5,0
449,2016-01-15,495,495,495,495,0
450,2016-01-14,513,513,513,513,0
451,2016-01-13,522,522,522,522,0
452,2016-01-12,523.5,523.5,523.5,523.5,0
453,2016-01-11,522,522,522,522,0
454,2016-01-08,527,527,527,527,0
455,2016-01-07,542.5,542.5,542.5,542.5,0
456,2016-01-06,556.5,556.5,556.5,556.5,0
457,2016-01-05,562.5,562.5,562.5,562.5,0
458,2016-01-04,561.5,561.5,561.5,561.5,0
459,2015-12-31,588.5,588.5,588.5,588.5,0
460,2015-12-30,588.5,588.5,588.5,588.5,0
461,2015-12-29,594,594,594,594,0
462,2015-12-28,590,590,590,590,0
463,2015-12-24,600,600,600,600,0
464,2015-12-23,600,600,600,600,0
465,2015-12-22,588.5,588.5,588.5,588.5,0
466,2015-12-21,587,587,587,587,1200
467,2015-12-18,584,584,584,584,0
468,2015-12-17,584,584,584,584,0
469,2015-12-16,582,582,582,582,0
470,2015-12-15,582,582,582,582,0
471,2015-12-14,562,562,562,562,0
472,2015-12-11,566,566,566,566,0
473,2015-12-10,579,579,579,579,0
474,2015-12-09,587,587,587,587,0
475,2015-12-08,588,588,588,588,0
476,2015-12-07,594.5,594.5,594.5,594.5,0
477,2015-12-04,602,602,602,602,0
478,2015-12-03,601,601,601,601,0
479,2015-12-02,606,606,606,606,0
480,2015-12-01,605,605,605,605,0
481,2015-11-30,601,601,601,601,0
482,2015-11-27,599,599,599,599,0
483,2015-11-26,613.5,613.5,613.5,613.5,0
484,2015-11-25,612.5,612.5,612.5,612.5,0
485,2015-11-24,612,612,612,612,0
486,2015-11-23,618,618,618,618,0
487,2015-11-20,621.5,621.5,621.5,621.5,0
488,2015-11-19,614.5,614.5,614.5,614.5,0
489,2015-11-18,606.5,606.5,606.5,606.5,0
490,2015-11-17,606,606,606,606,0
491,2015-11-16,598,598,598,598,0
492,2015-11-13,597.5,597.5,597.5,597.5,0
493,2015-11-12,611.5,611.5,611.5,611.5,0
494,2015-11-11,609,609,609,609,0
495,2015-11-10,604.5,604.5,604.5,604.5,0
496,2015-11-09,610,610,610,610,0
497,2015-11-06,619.5,619.5,619.5,619.5,0
498,2015-11-05,630,630,630,630,0
499,2015-11-04,626,626,626,626,0
500,2015-11-03,617,617,617,617,0
501,2015-11-02,613.5,613.5,613.5,613.5,0
502,2015-10-30,611.5,611.5,611.5,611.5,0
503,2015-10-29,615,615,615,615,0
504,2015-10-28,626.5,626.5,626.5,626.5,0
505,2015-10-27,625.5,625.5,625.5,625.5,0
506,2015-10-26,632.5,632.5,632.5,632.5,0
507,2015-10-23,642.5,642.5,642.5,642.5,0
508,2015-10-22,634,634,634,634,0
509,2015-10-21,625.5,625.5,625.5,625.5,10
510,2015-10-20,628.5,628.5,628.5,628.5,0
511,2015-10-19,628.5,628.5,628.5,628.5,0
512,2015-10-16,631,631,631,631,0
513,2015-10-15,625,625,625,625,0
514,2015-10-14,612.5,612.5,612.5,612.5,0
515,2015-10-13,615.5,615.5,615.5,615.5,0
516,2015-10-12,618.5,618.5,618.5,618.5,0
517,2015-10-09,619.5,619.5,619.5,619.5,0
518,2015-10-08,613,613,613,613,0
519,2015-10-07,611.5,611.5,611.5,611.5,0
520,2015-10-06,596.5,596.5,596.5,596.5,0
521,2015-10-05,602.5,602.5,602.5,602.5,0
522,2015-10-02,582,582,582,582,0
523,2015-10-01,570.5,570.5,570.5,570.5,0
524,2015-09-30,567.5,567.5,567.5,567.5,0
525,2015-09-29,555,555,555,555,0
526,2015-09-28,555,555,555,555,0
527,2015-09-25,570,570,570,570,0
528,2015-09-24,559.5,559.5,559.5,559.5,0
529,2015-09-23,570,570,570,570,0
530,2015-09-22,574,574,574,574,0
531,2015-09-21,587.5,587.5,587.5,587.5,0
532,2015-09-18,592.5,592.5,592.5,592.5,0
533,2015-09-17,588,588,588,588,0
534,2015-09-16,593.5,593.5,593.5,593.5,0
535,2015-09-15,575,575,575,575,0
536,2015-09-14,569,569,569,569,0
537,2015-09-11,573.5,573.5,573.5,573.5,0
538,2015-09-10,572.5,572.5,572.5,572.5,0
539,2015-09-09,579.5,579.5,579.5,579.5,0
540,2015-09-08,569,569,569,569,0
541,2015-09-07,543,543,543,543,0
542,2015-09-04,538.5,538.5,538.5,538.5,0
543,2015-09-03,561,561,561,561,0
544,2015-09-02,545,545,545,545,0
545,2015-09-01,548.5,548.5,548.5,548.5,0
546,2015-08-31,573,573,573,573,0
547,2015-08-28,579,579,579,579,0
548,2015-08-27,585,585,585,585,0
549,2015-08-26,550.5,550.5,550.5,550.5,0
550,2015-08-25,576,576,576,576,0
551,2015-08-24,535,535,535,535,0
552,2015-08-21,583,583,583,583,0
553,2015-08-20,593.5,593.5,593.5,593.5,0
554,2015-08-19,606.5,606.5,606.5,606.5,0
555,2015-08-18,623,623,623,623,0
556,2015-08-17,633.5,633.5,633.5,633.5,0
557,2015-08-14,639.5,639.5,639.5,639.5,0
558,2015-08-13,640,640,640,640,0
559,2015-08-12,630,630,630,630,0
560,2015-08-11,642.5,642.5,642.5,642.5,0
561,2015-08-10,656,656,656,656,0
562,2015-08-07,641.5,641.5,641.5,641.5,0
563,2015-08-06,635.5,635.5,635.5,635.5,0
564,2015-08-05,646.5,646.5,646.5,646.5,0
565,2015-08-04,639.5,639.5,639.5,639.5,0
566,2015-08-03,636.5,636.5,636.5,636.5,0
567,2015-07-31,649,649,649,649,0
568,2015-07-30,641,641,641,641,0
569,2015-07-29,648,648,648,648,0
570,2015-07-28,641,641,641,641,0
571,2015-07-27,639,639,639,639,0
572,2015-07-24,665.5,665.5,665.5,665.5,0
573,2015-07-23,675.5,675.5,675.5,675.5,0
574,2015-07-22,672.5,672.5,672.5,672.5,0
575,2015-07-21,681.5,681.5,681.5,681.5,0
576,2015-07-20,679,679,679,679,0
577,2015-07-17,680.5,680.5,680.5,680.5,0
578,2015-07-16,672.5,672.5,672.5,672.5,0
579,2015-07-15,665.5,665.5,665.5,665.5,0
580,2015-07-14,675.5,675.5,675.5,675.5,0
581,2015-07-13,679.5,679.5,679.5,679.5,0
582,2015-07-10,669,669,669,669,0
583,2015-07-09,645,645,645,645,0
584,2015-07-08,617.5,617.5,617.5,617.5,0
585,2015-07-07,661,661,661,661,0
586,2015-07-06,683.5,683.5,683.5,683.5,0
587,2015-07-03,705.5,705.5,705.5,705.5,0
588,2015-07-02,719,719,719,719,0
589,2015-07-01,716,716,716,716,0
590,2015-06-30,719.5,719.5,719.5,719.5,0
591,2015-06-29,708,708,708,708,0
592,2015-06-26,734.5,734.5,734.5,734.5,0
593,2015-06-25,747.5,747.5,747.5,747.5,0
594,2015-06-24,760.5,760.5,760.5,760.5,0
595,2015-06-23,758,758,758,758,0
596,2015-06-22,742,742,742,742,0
597,2015-06-19,733,733,733,733,0
598,2015-06-18,741.5,741.5,741.5,741.5,0
599,2015-06-17,734,734,734,734,0
600,2015-06-16,730.5,730.5,730.5,730.5,0
601,2015-06-15,740,740,740,740,0
602,2015-06-12,761,761,761,761,0
603,2015-06-11,755.5,755.5,755.5,755.5,0
604,2015-06-10,750,750,750,750,0
605,2015-06-09,750.5,750.5,750.5,750.5,0
606,2015-06-08,767.5,767.5,767.5,767.5,0
607,2015-06-05,762.5,762.5,762.5,762.5,0
608,2015-06-04,769,769,769,769,0
609,2015-06-03,776,776,776,776,0
610,2015-06-02,770.5,770.5,770.5,770.5,0
611,2015-06-01,770,770,770,770,0
612,2015-05-29,766,766,766,766,0
613,2015-05-28,774,774,774,774,0
614,2015-05-27,800,800,800,800,0
615,2015-05-26,805.5,805.5,805.5,805.5,0
616,2015-05-25,799.5,799.5,799.5,799.5,0
617,2015-05-22,799.5,799.5,799.5,799.5,0
618,2015-05-21,779.5,779.5,779.5,779.5,0
619,2015-05-20,781.5,781.5,781.5,781.5,0
620,2015-05-19,789,789,789,789,0
621,2015-05-18,779.5,779.5,779.5,779.5,0
622,2015-05-15,787,787,787,787,0
623,2015-05-14,776.5,776.5,776.5,776.5,0
624,2015-05-13,771.5,771.5,771.5,771.5,0
625,2015-05-12,774,774,774,774,0
626,2015-05-11,793,793,793,788.5,6
627,2015-05-08,791.5,791.5,791.5,791.5,0
628,2015-05-07,769.5,769.5,769.5,769.5,0
629,2015-05-06,781,781,781,781,0
630,2015-05-05,795,795,795,795,0
631,2015-05-04,814,814,814,814,0
632,2015-04-30,806.5,806.5,806.5,806.5,0
633,2015-04-29,817.5,817.5,817.5,817.5,0
634,2015-04-28,821.5,821.5,821.5,821.5,0
635,2015-04-27,825,825,825,825,0
636,2015-04-24,807.5,807.5,807.5,807.5,0
637,2015-04-23,810,810,810,810,0
638,2015-04-22,820,820,820,820,0
639,2015-04-21,810,810,810,810,0
640,2015-04-20,783.5,783.5,783.5,783.5,0
641,2015-04-17,775,775,775,775,0
642,2015-04-16,807,807,807,807,0
643,2015-04-15,796,796,796,796,0
644,2015-04-14,790.5,790.5,790.5,790.5,0
645,2015-04-13,810.5,810.5,810.5,810.5,0
646,2015-04-10,792.5,792.5,792.5,792.5,0
647,2015-04-09,790.5,790.5,790.5,790.5,0
648,2015-04-08,773,773,773,773,0
649,2015-04-07,707,707,707,707,0
650,2015-04-02,707,707,707,707,0
651,2015-04-01,697.5,697.5,697.5,697.5,0
652,2015-03-31,688,688,688,688,0
653,2015-03-30,684,684,684,684,0
654,2015-03-27,665.5,665.5,665.5,665.5,0
655,2015-03-26,665.5,665.5,665.5,665.5,0
656,2015-03-25,668,668,668,668,0
657,2015-03-24,668.5,668.5,668.5,668.5,0
658,2015-03-23,673,673,673,673,0
659,2015-03-20,669.5,669.5,669.5,669.5,0
660,2015-03-19,671,671,671,671,0
661,2015-03-18,663.5,663.5,663.5,663.5,0
662,2015-03-17,656,656,656,656,0
663,2015-03-16,656,656,656,656,0
664,2015-03-13,649.5,649.5,649.5,649.5,0
665,2015-03-12,648.5,648.5,648.5,648.5,0
666,2015-03-11,638.5,638.5,638.5,638.5,0
667,2015-03-10,639.5,639.5,639.5,639.5,0
668,2015-03-09,653.5,653.5,653.5,653.5,0
669,2015-03-06,654.5,654.5,654.5,654.5,0
670,2015-03-05,655.5,655.5,655.5,655.5,0
671,2015-03-04,653,653,653,653,0
672,2015-03-03,660.5,660.5,660.5,660.5,0
673,2015-03-02,676,676,676,676,0
674,2015-02-27,677,677,677,677,0
675,2015-02-26,679,679,679,679,0
676,2015-02-25,669.5,669.5,669.5,669.5,0
677,2015-02-24,669,669,669,669,0
678,2015-02-23,666.5,666.5,666.5,666.5,0
679,2015-02-20,664.5,664.5,664.5,664.5,0
680,2015-02-19,665,665,665,665,0
681,2015-02-18,663.5,663.5,663.5,663.5,0
682,2015-02-17,666.5,666.5,666.5,666.5,0
683,2015-02-16,664,664,664,664,0
684,2015-02-13,663,663,663,663,0
685,2015-02-12,657,657,657,657,0
686,2015-02-11,648,648,648,648,0
687,2015-02-10,651.5,651.5,651.5,651.5,20
688,2015-02-09,649.5,649.5,649.5,649.5,0
689,2015-02-06,654,654,654,654,0
690,2015-02-05,664,664,664,664,0
691,2015-02-04,676,676,676,676,0
692,2015-02-03,661,661,661,661,0
693,2015-02-02,651,651,651,651,0
694,2015-01-30,650.5,650.5,650.5,650.5,0
695,2015-01-29,656,656,656,656,0
696,2015-01-28,655.5,655.5,655.5,655.5,0
697,2015-01-27,661,661,661,661,0
698,2015-01-26,674.5,674.5,674.5,674.5,0
699,2015-01-23,673,673,673,673,0
700,2015-01-22,666,666,666,666,0
701,2015-01-21,664,664,664,664,0
702,2015-01-20,642,642,642,642,0
703,2015-01-19,636.5,636.5,636.5,636.5,0
704,2015-01-16,647.5,647.5,647.5,647.5,0
705,2015-01-15,660,660,660,660,0
706,2015-01-14,656.5,656.5,656.5,656.5,0
707,2015-01-13,660.5,660.5,660.5,660.5,0
708,2015-01-12,653,653,653,653,0
709,2015-01-09,656,656,656,656,0
710,2015-01-08,655.5,655.5,655.5,655.5,0
711,2015-01-07,648,648,648,648,0
712,2015-01-06,639.5,639.5,639.5,639.5,0
713,2015-01-05,645.5,645.5,645.5,645.5,0
714,2015-01-02,648,648,648,648,0
715,2014-12-31,630.5,630.5,630.5,630.5,0
716,2014-12-30,630.5,630.5,630.5,630.5,0
717,2014-12-29,636.5,636.5,636.5,636.5,0
718,2014-12-24,623.5,623.5,623.5,623.5,0
719,2014-12-23,623.5,623.5,623.5,623.5,0
720,2014-12-22,627,627,627,627,0
721,2014-12-19,617.5,617.5,617.5,617.5,0
722,2014-12-18,613,613,613,613,0
723,2014-12-17,605.5,605.5,605.5,605.5,0
724,2014-12-16,605.5,605.5,605.5,605.5,0
725,2014-12-15,612.5,612.5,612.5,612.5,0
726,2014-12-12,617,617,617,617,0
727,2014-12-11,612.5,612.5,612.5,612.5,0
728,2014-12-10,623.5,623.5,623.5,623.5,0
729,2014-12-09,620.5,620.5,620.5,620.5,0
730,2014-12-08,642,642,642,642,0
731,2014-12-05,636.5,636.5,636.5,636.5,0
732,2014-12-04,632.5,632.5,632.5,632.5,0
733,2014-12-03,619.5,619.5,619.5,619.5,0
734,2014-12-02,623,623,623,623,0
735,2014-12-01,610.5,610.5,610.5,610.5,0
736,2014-11-28,629,629,629,629,0
737,2014-11-27,626.5,626.5,626.5,626.5,0
738,2014-11-26,629,629,629,629,0
739,2014-11-25,620,620,620,620,0
740,2014-11-24,622,622,622,622,0
741,2014-11-21,619,619,619,619,0
742,2014-11-20,601.5,601.5,601.5,601.5,0
743,2014-11-19,602,602,602,602,0
744,2014-11-17,612.5,612.5,612.5,612.5,0
745,2014-11-14,619.5,619.5,619.5,619.5,0
746,2014-11-13,616.5,616.5,616.5,616.5,0
747,2014-11-12,614.5,614.5,614.5,614.5,0
748,2014-11-11,612.5,612.5,612.5,612.5,0
749,2014-11-10,615,615,615,615,0
750,2014-11-07,611,611,611,611,0
751,2014-11-06,614,614,614,614,0
752,2014-11-05,615,615,615,615,0
753,2014-11-04,614.5,614.5,614.5,614.5,0
754,2014-11-03,612,612,612,612,0
755,2014-10-31,619,619,619,619,0
756,2014-10-30,608,608,608,608,0
757,2014-10-29,615.5,615.5,615.5,615.5,0
758,2014-10-28,606,606,606,606,0
759,2014-10-27,591.5,591.5,591.5,591.5,0
760,2014-10-24,600,600,600,600,0
761,2014-10-23,600,600,600,600,0
762,2014-10-22,600,600,600,600,0
763,2014-10-21,598,598,598,598,0
764,2014-10-20,596,596,596,596,0
765,2014-10-17,594.5,594.5,594.5,594.5,0
766,2014-10-16,579.5,579.5,579.5,579.5,0
767,2014-10-15,585.5,585.5,585.5,585.5,0
768,2014-10-14,589.5,589.5,589.5,589.5,0
769,2014-10-13,596.5,596.5,596.5,596.5,0
770,2014-10-10,594,594,594,594,0
771,2014-10-09,604,604,604,604,0
772,2014-10-08,601,601,601,601,0
773,2014-10-07,604.5,604.5,604.5,604.5,0
774,2014-10-06,605,605,605,605,0
775,2014-10-03,597,597,597,597,0
776,2014-10-02,578,578,578,578,0
777,2014-10-01,592,592,592,592,0
778,2014-09-30,595.5,595.5,595.5,595.5,0
779,2014-09-29,601.5,601.5,601.5,601.5,0
780,2014-09-26,611.5,611.5,611.5,611.5,0
781,2014-09-25,610.5,610.5,610.5,610.5,0
782,2014-09-24,618,618,618,618,0
783,2014-09-23,611,611,611,611,0
784,2014-09-22,614.5,614.5,614.5,614.5,0
785,2014-09-19,626.5,626.5,626.5,626.5,0
786,2014-09-18,625,625,625,625,0
787,2014-09-17,630.5,630.5,630.5,630.5,0
788,2014-09-16,621.5,621.5,621.5,621.5,0
789,2014-09-15,630,630,630,630,0
790,2014-09-12,637,637,637,637,0
791,2014-09-11,638.5,638.5,638.5,638.5,0
792,2014-09-10,640.5,640.5,640.5,640.5,0
793,2014-09-09,655.5,655.5,655.5,655.5,0
794,2014-09-08,655.5,655.5,655.5,655.5,0
795,2014-09-05,654,654,654,654,0
796,2014-09-04,655,655,655,655,0
797,2014-09-03,653,653,653,653,0
798,2014-09-02,635.5,635.5,635.5,635.5,0
799,2014-09-01,634.5,634.5,634.5,634.5,0
800,2014-08-29,634.5,634.5,634.5,634.5,0
801,2014-08-28,632,632,632,632,0
802,2014-08-27,638.5,638.5,638.5,638.5,0
803,2014-08-26,640.5,640.5,640.5,640.5,0
804,2014-08-25,642.5,642.5,642.5,642.5,0
805,2014-08-22,642.5,642.5,642.5,642.5,0
806,2014-08-21,638.5,638.5,638.5,638.5,0
807,2014-08-20,643.5,643.5,643.5,643.5,0
808,2014-08-19,644,644,644,644,0
809,2014-08-18,642,642,642,642,0
810,2014-08-15,641.5,641.5,641.5,641.5,0
811,2014-08-14,637,637,637,637,0
812,2014-08-13,643,643,643,643,0
813,2014-08-12,637,637,637,637,0
814,2014-08-11,634,634,634,634,0
815,2014-08-08,624.5,624.5,624.5,624.5,0
816,2014-08-07,625.5,625.5,625.5,625.5,0
817,2014-08-06,631.5,631.5,631.5,631.5,0
818,2014-08-05,632.5,632.5,632.5,632.5,0
819,2014-08-04,632.5,632.5,632.5,632.5,0
820,2014-08-01,627,627,627,627,37
821,2014-07-31,633,633,633,633,0
822,2014-07-30,633,633,633,633,0
823,2014-07-29,633.5,633.5,633.5,633.5,0
824,2014-07-28,625.5,625.5,625.5,625.5,0
825,2014-07-25,625.5,625.5,625.5,625.5,0
826,2014-07-24,624,624,624,624,0
827,2014-07-23,618,618,618,618,0
828,2014-07-22,614.5,614.5,614.5,614.5,0
829,2014-07-21,599.5,599.5,599.5,599.5,0
830,2014-07-18,602,602,602,602,0
831,2014-07-17,602.5,602.5,602.5,602.5,0
832,2014-07-16,605.5,605.5,605.5,605.5,0
833,2014-07-15,595.5,595.5,595.5,595.5,0
834,2014-07-14,591.5,591.5,591.5,591.5,0
835,2014-07-11,594.5,594.5,594.5,594.5,0
836,2014-07-10,586.5,586.5,586.5,586.5,0
837,2014-07-09,595.5,595.5,595.5,595.5,0
838,2014-07-08,601,601,601,601,0
839,2014-07-07,601,601,601,601,0
840,2014-07-04,600,600,600,600,0
841,2014-07-03,600,600,600,600,0
842,2014-07-02,592.5,592.5,592.5,592.5,0
843,2014-07-01,589.5,589.5,589.5,589.5,0
844,2014-06-30,585.5,585.5,585.5,585.5,0
845,2014-06-27,583.5,583.5,583.5,583.5,0
846,2014-06-26,583,583,583,583,0
847,2014-06-25,575.5,575.5,575.5,575.5,0
848,2014-06-24,575.5,575.5,575.5,575.5,0
849,2014-06-23,575.5,575.5,575.5,575.5,0
850,2014-06-20,580.5,580.5,580.5,580.5,0
851,2014-06-19,579.5,579.5,579.5,579.5,0
852,2014-06-18,582.5,582.5,582.5,582.5,0
853,2014-06-17,583.5,583.5,583.5,583.5,0
854,2014-06-16,585.5,585.5,585.5,585.5,37
855,2014-06-13,585.5,585.5,585.5,585.5,0
856,2014-06-12,579.5,579.5,579.5,579.5,0
857,2014-06-11,579.5,579.5,579.5,579.5,0
858,2014-06-10,583.5,583.5,583.5,583.5,0
859,2014-06-09,579.5,579.5,579.5,579.5,0
860,2014-06-06,576,576,576,576,0
861,2014-06-05,572.5,572.5,572.5,572.5,0
862,2014-06-04,573.5,573.5,573.5,573.5,0
863,2014-06-03,576,576,576,576,0
864,2014-06-02,574.5,574.5,574.5,574.5,0
865,2014-05-30,569.5,569.5,569.5,569.5,0
866,2014-05-29,568,568,568,568,0
867,2014-05-28,571,571,571,571,0
868,2014-05-27,562.5,562.5,562.5,562.5,0
869,2014-05-26,567,567,567,567,0
870,2014-05-23,566.5,566.5,566.5,566.5,37
871,2014-05-22,565.5,565.5,565.5,565.5,0
872,2014-05-21,560,560,560,560,0
873,2014-05-20,556,556,556,556,0
874,2014-05-19,556,556,556,556,0
875,2014-05-16,557,557,557,557,0
876,2014-05-15,553,553,553,553,0
877,2014-05-14,555.5,555.5,555.5,555.5,0
878,2014-05-13,550,550,550,550,0
879,2014-05-12,547.5,547.5,547.5,547.5,0
880,2014-05-09,537,537,537,537,0
881,2014-05-08,537,537,537,537,0
882,2014-05-07,538,538,538,538,0
883,2014-05-06,545,545,545,545,0
884,2014-05-05,541.5,541.5,541.5,541.5,0
885,2014-05-02,544.5,544.5,544.5,544.5,0
886,2014-04-30,542,542,542,542,0
887,2014-04-29,547.5,547.5,547.5,547.5,0
888,2014-04-28,541,541,541,541,0
889,2014-04-25,547.5,547.5,547.5,547.5,0
890,2014-04-24,554.5,554.5,554.5,554.5,0
891,2014-04-23,551,551,551,551,0
892,2014-04-22,560,560,560,560,0
893,2014-04-17,562.5,562.5,562.5,562.5,0
894,2014-04-16,560.5,560.5,560.5,560.5,0
895,2014-04-15,556.5,556.5,556.5,556.5,0
896,2014-04-14,567.5,567.5,567.5,567.5,0
897,2014-04-11,568,568,568,568,0
898,2014-04-10,581.5,581.5,581.5,581.5,0
899,2014-04-09,570,570,570,570,0
900,2014-04-08,566,566,566,566,0
901,2014-04-07,559,559,559,559,0
902,2014-04-04,563,563,563,563,0
903,2014-04-03,560,560,560,560,0
904,2014-04-02,562.5,562.5,562.5,562.5,0
905,2014-04-01,560,560,560,560,0
906,2014-03-31,558,558,558,558,0
907,2014-03-29,560,560,560,560,0
908,2014-03-28,560,560,560,560,0
909,2014-03-27,547,547,547,547,0
910,2014-03-26,545.5,545.5,545.5,545.5,0
911,2014-03-25,545,545,545,545,0
912,2014-03-24,540.5,540.5,540.5,540.5,0
913,2014-03-21,532.5,532.5,532.5,532.5,0
914,2014-03-20,524,524,524,524,0
915,2014-03-19,532.5,532.5,532.5,532.5,0
916,2014-03-18,533,533,533,533,0
917,2014-03-17,528,528,528,528,0
918,2014-03-14,527.5,527.5,527.5,527.5,0
919,2014-03-13,531,531,531,531,0
920,2014-03-12,534.5,534.5,534.5,534.5,0
921,2014-03-11,547,547,547,547,0
922,2014-03-10,543.5,543.5,543.5,543.5,0
923,2014-03-07,559.5,559.5,559.5,559.5,0
924,2014-03-06,555.5,555.5,555.5,555.5,0
925,2014-03-05,554.5,554.5,554.5,554.5,0
926,2014-03-04,561,561,561,561,0
927,2014-03-03,554,554,554,554,0
928,2014-03-02,538.5,538.5,538.5,538.5,0
929,2014-03-01,538.5,538.5,538.5,538.5,0
930,2014-02-28,565.5,565.5,565.5,565.5,0
931,2014-02-27,565.5,565.5,565.5,565.5,0
932,2014-02-26,556,556,556,556,0
933,2014-02-25,549.5,549.5,549.5,549.5,0
934,2014-02-24,553,553,553,553,0
935,2014-02-23,538.5,538.5,538.5,538.5,0
936,2014-02-22,538.5,538.5,538.5,538.5,0
937,2014-02-21,562,562,562,562,0
938,2014-02-20,557,557,557,557,0
939,2014-02-19,565.5,565.5,565.5,565.5,0
940,2014-02-18,564,564,564,564,0
941,2014-02-17,566.5,566.5,566.5,566.5,0
942,2014-02-16,538.5,538.5,538.5,538.5,0
943,2014-02-15,538.5,538.5,538.5,538.5,0
944,2014-02-14,562,562,562,562,0
945,2014-02-13,554,554,554,554,0
946,2014-02-12,557,557,557,557,0
947,2014-02-11,554.5,554.5,554.5,554.5,0
948,2014-02-10,540,540,540,540,0
949,2014-02-09,538.5,538.5,538.5,538.5,0
950,2014-02-08,538.5,538.5,538.5,538.5,0
951,2014-02-07,542,542,542,542,0
952,2014-02-06,538.5,538.5,538.5,538.5,0
953,2014-02-05,530.5,530.5,530.5,530.5,0
954,2014-02-04,531,531,531,531,0
955,2014-02-03,540.5,540.5,540.5,540.5,0
956,2014-01-31,538.5,538.5,538.5,538.5,0
957,2014-01-30,545.5,545.5,545.5,545.5,0
958,2014-01-29,539,539,539,539,0
959,2014-01-28,542,542,542,542,0
960,2014-01-27,543,543,543,543,0
961,2014-01-24,548.5,548.5,548.5,548.5,0
962,2014-01-23,562,562,562,562,0
963,2014-01-22,572,572,572,572,0
964,2014-01-21,563,563,563,563,0
965,2014-01-20,567,567,567,567,0
966,2014-01-18,567.5,567.5,567.5,567.5,0
967,2014-01-17,567.5,567.5,567.5,567.5,0
968,2014-01-16,566.5,566.5,566.5,566.5,0
969,2014-01-15,570.5,570.5,570.5,570.5,0
970,2014-01-14,566.5,566.5,566.5,566.5,0
971,2014-01-13,568.5,568.5,568.5,568.5,0
972,2014-01-09,560.5,560.5,560.5,560.5,0
973,2014-01-08,569,569,569,569,0
974,2014-01-07,565,565,565,565,0
975,2014-01-06,567.5,567.5,567.5,567.5,0
976,2014-01-03,574.5,574.5,574.5,574.5,0
977,2014-01-02,583.5,583.5,583.5,583.5,0
978,2013-12-30,587,587,587,587,0
979,2013-12-27,590,590,590,590,0
980,2013-12-24,582.5,582.5,582.5,582.5,0
981,2013-12-23,576.555,576.555,576.555,576.555,0
982,2013-12-20,577,577,577,577,0
983,2013-12-19,582.5,582.5,582.5,582.5,0
984,2013-12-18,587,587,587,587,0
985,2013-12-17,585.5,585.5,585.5,585.5,0
986,2013-12-16,596,596,596,596,0
987,2013-12-13,590.5,590.5,590.5,590.5,0
988,2013-12-12,590,590,590,590,0
989,2013-12-11,596.5,596.5,596.5,596.5,0
990,2013-12-10,607.5,607.5,607.5,607.5,0
991,2013-12-09,612,612,612,612,0
992,2013-12-06,615,615,615,615,0
993,2013-12-05,605,605,605,605,0
994,2013-12-04,605.5,605.5,605.5,605.5,0
995,2013-12-03,602,602,602,602,0
996,2013-12-02,613,613,613,613,0
997,2013-11-29,613,613,613,613,0
998,2013-11-28,604.5,604.5,604.5,604.5,0
999,2013-11-27,606.5,606.5,606.5,606.5,0
1000,2013-11-26,598,598,598,598,0
1001,2013-11-25,604,604,604,604,0
1002,2013-11-22,603.5,603.5,603.5,603.5,0
1003,2013-11-21,599.5,599.5,599.5,599.5,0
1004,2013-11-20,605,605,605,605,0
1005,2013-11-19,606.5,606.5,606.5,606.5,0
1006,2013-11-18,603,603,603,603,0
1007,2013-11-15,594.5,594.5,594.5,594.5,0
1008,2013-11-14,566.5,566.5,566.5,566.5,0
1009,2013-11-13,560,560,560,560,0
1010,2013-11-12,572,572,572,572,0
1011,2013-11-11,574.5,574.5,574.5,574.5,0
1012,2013-11-08,566.5,566.5,566.5,566.5,0
1013,2013-11-07,572,572,572,572,0
1014,2013-11-06,576.5,576.5,576.5,576.5,0
1015,2013-11-05,577.5,577.5,577.5,577.5,0
1016,2013-11-04,580.5,580.5,580.5,580.5,0
1017,2013-11-01,582,582,582,582,0
1018,2013-10-31,581.5,581.5,581.5,581.5,0
1019,2013-10-30,582,582,582,582,0
1020,2013-10-29,570,570,570,570,0
1021,2013-10-28,566.5,566.5,566.5,566.5,0
1022,2013-10-25,563,563,563,563,0
1023,2013-10-24,568,568,568,568,0
1024,2013-10-23,573,573,573,573,0
1025,2013-10-22,584.5,584.5,584.5,584.5,0
1026,2013-10-21,588,588,588,588,0
1027,2013-10-18,584,584,584,584,0
1028,2013-10-17,579.5,579.5,579.5,579.5,0
1029,2013-10-16,582.5,582.5,582.5,582.5,0
1030,2013-10-15,585,585,585,585,0
1031,2013-10-14,581.5,581.5,581.5,581.5,0
1032,2013-10-11,581.5,581.5,581.5,581.5,0
1033,2013-10-10,575,575,575,575,0
1034,2013-10-08,581,581,581,581,0
1035,2013-10-04,577,577,577,577,0
1036,2013-10-03,567,567,567,567,0
1037,2013-10-02,567,567,567,567,0
1038,2013-10-01,567,567,567,567,0
1039,2013-09-30,567,567,567,567,0
1040,2013-09-27,575.5,575.5,575.5,575.5,0
1041,2013-09-26,575,575,575,575,0
1042,2013-09-25,578.5,578.5,578.5,578.5,0
1043,2013-09-24,577,577,577,577,0
1044,2013-09-23,583.5,583.5,583.5,583.5,0
1045,2013-09-20,582.97,582.97,582.97,582.97,0
1046,2013-09-19,583,583,583,583,0
1047,2013-09-18,576,576,576,576,0
1048,2013-09-17,581,581,581,581,0
1049,2013-09-16,581.5,581.5,581.5,581.5,0
1050,2013-09-13,573.5,573.5,573.5,573.5,0
1051,2013-09-12,576.5,576.5,576.5,576.5,0
1052,2013-09-11,576.5,576.5,576.5,576.5,0
1053,2013-09-10,578,578,578,578,0
1054,2013-09-09,569,569,569,569,0
